{"cameraMode":{"drawMode":0,"name":"Shaded","section":"Shading Mode"},"sceneLighting":false,"audioPlay":false,"sceneViewState":{"showFog":true,"showMaterialUpdate":false,"showSkybox":false,"showFlares":true,"showImageEffects":true,"showParticleSystems":true},"in2DMode":false,"pivot":{"x":0.027699977159500123,"y":1.4560452699661255,"z":0.14293983578681947},"rotation":{"x":-0.08710520714521408,"y":-0.04602891951799393,"z":0.004110494628548622,"w":-0.9951578974723816},"size":0.7663024067878723,"orthographic":false}